pos	group	label
239	NTD	p.Val239Ile
250	NTD	p.Ser250Leu
274	NTD	p.Arg274Gln
328	NTD	p.Met328Thr
2	benign	p.Asp2Gly
3	benign	p.Thr3Ala
3	benign	p.Thr3Ile
4	benign	p.Glu4Gln
4	benign	p.Glu4Lys
5	benign	p.Ser5Tyr
6	benign	p.Thr6Ala
7	benign	p.Thr7His
7	benign	p.Thr7Cys
9	benign	p.Ser9Pro
9	benign	p.Ser9Phe
11	benign	p.Gly11Glu
11	benign	p.Gly11Val
12	benign	p.Tyr12Asn
12	benign	p.Tyr12Ser
13	benign	p.Ser13Asn
48	benign	p.Ala48Thr
57	benign	p.Ser57Tyr
61	benign	p.Glu61Gly
61	benign	p.Glu61Val
80	benign	p.Leu80Val
135	benign	p.Ser135Asn
